<BEGIN>;;;;;;;;;;;;
<Hydro turbines>;;;;;;;;;;;;
Name;Hydro reservoir ID;Hydro reservoir name;Group ID;Group name;Unit ID;Bus ID;Minimum generation (MW);Maximum generation (MW);Minimum turbine discharge (m3/s);Maximum turbine discharge (m3/s);Turbine type;Comments
G1-G.B. MUNHOZ;74;G.B. MUNHOZ;1;Group 1;1;800;240;418.5;290;360;Francis;
G2-G.B. MUNHOZ;74;G.B. MUNHOZ;1;Group 1;2;800;240;418.5;290;360;Francis;
G3-G.B. MUNHOZ;74;G.B. MUNHOZ;1;Group 1;3;800;240;418.5;300;372;Francis;
G4-G.B. MUNHOZ;74;G.B. MUNHOZ;1;Group 1;4;800;240;418.5;300;372;Francis;
G1-SALTO CAXIAS;82;SALTO CAXIAS;1;Group 1;1;808;235;310;415;525;Francis;
G2-SALTO CAXIAS;82;SALTO CAXIAS;1;Group 1;2;808;235;310;415;525;Francis;
G3-SALTO CAXIAS;82;SALTO CAXIAS;1;Group 1;3;808;235;310;415;525;Francis;
G4-SALTO CAXIAS;82;SALTO CAXIAS;1;Group 1;4;808;235;310;415;525;Francis;
G1-SLT.SANTIAGO;77;SLT.SANTIAGO;1;Group 1;1;925;270;355;360;382.27;Francis;
G2-SLT.SANTIAGO;77;SLT.SANTIAGO;1;Group 1;2;925;270;355;360;382.27;Francis;
G3-SLT.SANTIAGO;77;SLT.SANTIAGO;1;Group 1;3;926;270;355;360;382.27;Francis;
G4-SLT.SANTIAGO;77;SLT.SANTIAGO;1;Group 1;4;926;270;355;360;382.27;Francis;
G1-SEGREDO;76;SEGREDO;1;Group 1;1;810;165;315;209.7;349.5;Francis;
G2-SEGREDO;76;SEGREDO;1;Group 1;2;810;165;315;209.7;349.5;Francis;
G3-SEGREDO;76;SEGREDO;1;Group 1;3;810;165;315;209.7;349.5;Francis;
G4-SEGREDO;76;SEGREDO;1;Group 1;4;810;165;315;209.7;349.5;Francis;
G1-SALTO OSORIO;78;SALTO OSORIO;1;Group 1;1;919;130;182;173.4;289;Francis;
G2-SALTO OSORIO;78;SALTO OSORIO;1;Group 1;2;919;130;182;173.4;289;Francis;
G3-SALTO OSORIO;78;SALTO OSORIO;1;Group 1;3;919;130;182;173.4;289;Francis;
G4-SALTO OSORIO;78;SALTO OSORIO;1;Group 1;4;919;130;182;173.4;289;Francis;
G5-SALTO OSORIO;78;SALTO OSORIO;2;Group 2;5;919;130;177.5;173.4;289;Francis;
G6-SALTO OSORIO;78;SALTO OSORIO;2;Group 2;6;919;130;177.5;173.4;289;Francis;
G1-ITA;92;ITA;1;Group 1;1;904;200;290;215;313;Francis;
G2-ITA;92;ITA;1;Group 1;2;904;200;290;215;313;Francis;
G2-ITA;92;ITA;1;Group 1;3;904;200;290;215;313;Francis;
G4-ITA;92;ITA;1;Group 1;4;904;200;290;215;313;Francis;
G5-ITA;92;ITA;1;Group 1;5;904;200;290;215;313;Francis;
G1-MACHADINHO;91;MACHADINHO;1;Group 1;1;915;260;380;320;435;Francis;
G2-MACHADINHO;91;MACHADINHO;1;Group 1;2;915;260;380;320;435;Francis;
G3-MACHADINHO;91;MACHADINHO;1;Group 1;3;915;260;380;320;435;Francis;
G1-CAMPOS NOVOS;90;CAMPOS NOVOS;1;Group 1;1;1157;120;293.3;116.4;194;Francis;
G2-CAMPOS NOVOS;90;CAMPOS NOVOS;1;Group 1;2;1157;120;293.3;116.4;194;Francis;Group changed after network reduction
G3-CAMPOS NOVOS;90;CAMPOS NOVOS;1;Group 1;3;1157;120;293.3;116.4;194;Francis;Group changed after network reduction
G1-BARRA GRANDE;86;BARRA GRANDE;1;Group 1;1;1150;190;230;100;164.8;Francis;
G2-BARRA GRANDE;86;BARRA GRANDE;1;Group 1;2;1150;190;230;100;164.8;Francis;
G3-BARRA GRANDE;86;BARRA GRANDE;1;Group 1;3;1150;190;230;100;164.8;Francis;
G1-SERRA MESA;251;SERRA MESA;1;Group 1;1;36;240;425;320;397;Francis;
G2-SERRA MESA;251;SERRA MESA;1;Group 1;2;36;240;425;320;397;Francis;
G3-SERRA MESA;251;SERRA MESA;1;Group 1;3;36;240;425;320;397;Francis;
G1-LAJEADO;261;LAJEADO;1;Group 1;1;7206;100;180.5;340;680;Kaplan;
G2-LAJEADO;261;LAJEADO;1;Group 1;2;7206;100;180.5;340;680;Kaplan;
G3-LAJEADO;261;LAJEADO;1;Group 1;3;7206;100;180.5;340;680;Kaplan;
G4-LAJEADO;261;LAJEADO;1;Group 1;4;7206;100;180.5;340;680;Kaplan;
G5-LAJEADO;261;LAJEADO;1;Group 1;5;7206;100;180.5;340;680;Kaplan;
G1-ESTREITO;267;ESTREITO TOC;1;Group 1;1;5595;80;135.9;471.6;786;Francis;
G2-ESTREITO;267;ESTREITO TOC;1;Group 1;2;5595;80;135.9;471.6;786;Francis;
G3-ESTREITO;267;ESTREITO TOC;1;Group 1;3;5595;80;135.9;471.6;786;Francis;
G4-ESTREITO;267;ESTREITO TOC;1;Group 1;4;5595;80;135.9;471.6;786;Francis;
G5-ESTREITO;267;ESTREITO TOC;1;Group 1;5;5595;80;135.9;471.6;786;Francis;
G6-ESTREITO;267;ESTREITO TOC;1;Group 1;6;5595;80;135.9;471.6;786;Francis;
G7-ESTREITO;267;ESTREITO TOC;1;Group 1;7;5595;80;135.9;471.6;786;Francis;
G8-ESTREITO;267;ESTREITO TOC;1;Group 1;8;5595;80;135.9;471.6;786;Francis;
G1-TUCURUI;275;TUCURUI;1;Group 1;1;6425;0;22.5;0;37;Francis;
G2-TUCURUI;275;TUCURUI;1;Group 1;2;6425;0;22.5;0;37;Francis;
G3-TUCURUI;275;TUCURUI;2;Group 2;3;6419;203;350;349.2;582;Francis;
G4-TUCURUI;275;TUCURUI;2;Group 2;4;6419;203;350;349.2;582;Francis;
G5-TUCURUI;275;TUCURUI;2;Group 2;5;6419;203;350;349.2;582;Francis;
G6-TUCURUI;275;TUCURUI;2;Group 2;6;6419;203;350;349.2;582;Francis;
G7-TUCURUI;275;TUCURUI;2;Group 2;7;6422;203;350;349.2;582;Francis;The group has been changed after network reduction
G8-TUCURUI;275;TUCURUI;2;Group 2;8;6422;203;350;349.2;582;Francis;The group has been changed after network reduction
G9-TUCURUI;275;TUCURUI;2;Group 2;9;6422;203;350;349.2;582;Francis;The group has been changed after network reduction
G10-TUCURUI;275;TUCURUI;2;Group 2;10;6422;203;350;349.2;582;Francis;The group has been changed after network reduction
G11-TUCURUI;275;TUCURUI;2;Group 2;11;6424;203;350;349.2;582;Francis;The group has been changed after network reduction
G12-TUCURUI;275;TUCURUI;2;Group 2;12;6424;203;350;349.2;582;Francis;The group has been changed after network reduction
G13-TUCURUI;275;TUCURUI;2;Group 2;13;6424;203;350;349.2;582;Francis;The group has been changed after network reduction
G14-TUCURUI;275;TUCURUI;2;Group 2;14;6424;203;350;349.2;582;Francis;The group has been changed after network reduction
G15-TUCURUI;275;TUCURUI;3;Group 3;15;6420;300;390;397.2;662;Francis;
G16-TUCURUI;275;TUCURUI;3;Group 3;16;6420;300;390;397.2;662;Francis;
G17-TUCURUI;275;TUCURUI;3;Group 3;17;6420;300;390;397.2;662;Francis;
G18-TUCURUI;275;TUCURUI;3;Group 3;18;6424;300;390;397.2;662;Francis;The group has been changed after network reduction
G19-TUCURUI;275;TUCURUI;3;Group 3;19;6424;300;390;397.2;662;Francis;The group has been changed after network reduction
G20-TUCURUI;275;TUCURUI;3;Group 3;20;6424;300;390;397.2;662;Francis;The group has been changed after network reduction
G21-TUCURUI;275;TUCURUI;3;Group 3;21;6424;300;390;397.2;662;Francis;The group has been changed after network reduction
G22-TUCURUI;275;TUCURUI;3;Group 3;22;6425;300;390;397.2;662;Francis;The group has been changed after network reduction
G23-TUCURUI;275;TUCURUI;3;Group 3;23;6425;300;390;397.2;662;Francis;The group has been changed after network reduction
G24-TUCURUI;275;TUCURUI;3;Group 3;24;6425;300;390;397.2;662;Francis;The group has been changed after network reduction
G25-TUCURUI;275;TUCURUI;3;Group 3;25;6425;300;390;397.2;662;Francis;The group has been changed after network reduction
G1-BELO MONTE;288;BELO MONTE;1;Group 1;1;6729;450;611.1;600;768.4;Francis;
G2-BELO MONTE;288;BELO MONTE;1;Group 1;2;6729;450;611.1;600;768.4;Francis;
G3-BELO MONTE;288;BELO MONTE;1;Group 1;3;6729;450;611.1;600;768.4;Francis;
G4-BELO MONTE;288;BELO MONTE;1;Group 1;4;6729;450;611.1;600;768.4;Francis;
G5-BELO MONTE;288;BELO MONTE;1;Group 1;5;6729;450;611.1;600;768.4;Francis;
G6-BELO MONTE;288;BELO MONTE;1;Group 1;6;6729;450;611.1;600;768.4;Francis;
G7-BELO MONTE;288;BELO MONTE;1;Group 1;7;6729;450;611.1;600;768.4;Francis;
G8-BELO MONTE;288;BELO MONTE;1;Group 1;8;6729;450;611.1;600;768.4;Francis;
G9-BELO MONTE;288;BELO MONTE;1;Group 1;9;6729;450;611.1;600;768.4;Francis;
G10-BELO MONTE;288;BELO MONTE;1;Group 1;10;6729;450;611.1;600;768.4;Francis;
G11-BELO MONTE;288;BELO MONTE;1;Group 1;11;6729;450;611.1;600;768.4;Francis;
G12-BELO MONTE;288;BELO MONTE;1;Group 1;12;6729;450;611.1;600;768.4;Francis;
G13-BELO MONTE;288;BELO MONTE;1;Group 1;13;6729;450;611.1;600;768.4;Francis;
G14-BELO MONTE;288;BELO MONTE;1;Group 1;14;6729;450;611.1;600;768.4;Francis;
G15-BELO MONTE;288;BELO MONTE;1;Group 1;15;6729;450;611.1;600;768.4;Francis;
G16-BELO MONTE;288;BELO MONTE;1;Group 1;16;6729;450;611.1;600;768.4;Francis;
G17-BELO MONTE;288;BELO MONTE;1;Group 1;17;6729;450;611.1;600;768.4;Francis;
G18-BELO MONTE;288;BELO MONTE;1;Group 1;18;6729;450;611.1;600;768.4;Francis;
G1-STO ANTONIO;287;STO ANTONIO;1;5 blades;1;7062;11;69;227.2;568;Bulbo;
G2-STO ANTONIO;287;STO ANTONIO;1;5 blades;2;7062;11;69;227.2;568;Bulbo;
G3-STO ANTONIO;287;STO ANTONIO;1;5 blades;3;7062;11;69;227.2;568;Bulbo;
G4-STO ANTONIO;287;STO ANTONIO;1;5 blades;4;7062;11;69;227.2;568;Bulbo;
G5-STO ANTONIO;287;STO ANTONIO;1;5 blades;5;7050;11;69;227.2;568;Bulbo;The group has been changed after network reduction
G6-STO ANTONIO;287;STO ANTONIO;1;5 blades;6;7050;11;69;227.2;568;Bulbo;The group has been changed after network reduction
G7-STO ANTONIO;287;STO ANTONIO;1;5 blades;7;7050;11;69;227.2;568;Bulbo;The group has been changed after network reduction
G8-STO ANTONIO;287;STO ANTONIO;1;5 blades;8;7050;11;69;227.2;568;Bulbo;The group has been changed after network reduction
G9-STO ANTONIO;287;STO ANTONIO;1;5 blades;9;7050;11;69;227.2;568;Bulbo;The group has been changed after network reduction
G10-STO ANTONIO;287;STO ANTONIO;1;5 blades;10;7050;11;69;227.2;568;Bulbo;The group has been changed after network reduction
G11-STO ANTONIO;287;STO ANTONIO;1;5 blades;11;7050;11;69;227.2;568;Bulbo;The group has been changed after network reduction
G12-STO ANTONIO;287;STO ANTONIO;1;5 blades;12;7050;11;69;227.2;568;Bulbo;The group has been changed after network reduction
G13-STO ANTONIO;287;STO ANTONIO;2;4 blades;13;7062;21;73;239.2;598;Bulbo;
G14-STO ANTONIO;287;STO ANTONIO;2;4 blades;14;7062;21;73;239.2;598;Bulbo;
G15-STO ANTONIO;287;STO ANTONIO;2;4 blades;15;7062;21;73;239.2;598;Bulbo;
G16-STO ANTONIO;287;STO ANTONIO;2;4 blades;16;7062;21;73;239.2;598;Bulbo;
G17-STO ANTONIO;287;STO ANTONIO;2;4 blades;17;7062;21;73;239.2;598;Bulbo;
G18-STO ANTONIO;287;STO ANTONIO;2;4 blades;18;7062;21;73;239.2;598;Bulbo;
G19-STO ANTONIO;287;STO ANTONIO;2;4 blades;19;7062;21;73;239.2;598;Bulbo;
G20-STO ANTONIO;287;STO ANTONIO;2;4 blades;20;7062;21;73;239.2;598;Bulbo;
G21-STO ANTONIO;287;STO ANTONIO;1;5 blades;21;7064;11;69;227.2;568;Bulbo;The group has been changed after network reduction
G22-STO ANTONIO;287;STO ANTONIO;1;5 blades;22;7064;11;69;227.2;568;Bulbo;The group has been changed after network reduction
G23-STO ANTONIO;287;STO ANTONIO;2;4 blades;23;7064;21;73;239.2;598;Bulbo;The group has been changed after network reduction
G24-STO ANTONIO;287;STO ANTONIO;2;4 blades;24;7064;21;73;239.2;598;Bulbo;The group has been changed after network reduction
G25-STO ANTONIO;287;STO ANTONIO;2;4 blades;25;7064;21;73;239.2;598;Bulbo;The group has been changed after network reduction
G26-STO ANTONIO;287;STO ANTONIO;2;4 blades;26;7064;21;73;239.2;598;Bulbo;The group has been changed after network reduction
G27-STO ANTONIO;287;STO ANTONIO;2;4 blades;27;7064;21;73;239.2;598;Bulbo;The group has been changed after network reduction
G28-STO ANTONIO;287;STO ANTONIO;2;4 blades;28;7064;21;73;239.2;598;Bulbo;The group has been changed after network reduction
G29-STO ANTONIO;287;STO ANTONIO;2;4 blades;29;7064;21;73;239.2;598;Bulbo;The group has been changed after network reduction
G30-STO ANTONIO;287;STO ANTONIO;2;4 blades;30;7064;21;73;239.2;598;Bulbo;The group has been changed after network reduction
G31-STO ANTONIO;287;STO ANTONIO;1;5 blades;31;7064;11;69;227.2;568;Bulbo;The group has been changed after network reduction
G32-STO ANTONIO;287;STO ANTONIO;1;5 blades;32;7064;11;69;227.2;568;Bulbo;The group has been changed after network reduction
G33-STO ANTONIO;287;STO ANTONIO;1;5 blades;33;7064;11;69;227.2;568;Bulbo;The group has been changed after network reduction
G34-STO ANTONIO;287;STO ANTONIO;1;5 blades;34;7064;11;69;227.2;568;Bulbo;The group has been changed after network reduction
G35-STO ANTONIO;287;STO ANTONIO;1;5 blades;35;7064;11;69;227.2;568;Bulbo;The group has been changed after network reduction
G36-STO ANTONIO;287;STO ANTONIO;1;5 blades;36;7064;11;69;227.2;568;Bulbo;The group has been changed after network reduction
G37-STO ANTONIO;287;STO ANTONIO;2;4 blades;37;7064;21;73;239.2;598;Bulbo;The group has been changed after network reduction
G38-STO ANTONIO;287;STO ANTONIO;2;4 blades;38;7064;21;73;239.2;598;Bulbo;The group has been changed after network reduction
G39-STO ANTONIO;287;STO ANTONIO;2;4 blades;39;7064;21;73;239.2;598;Bulbo;The group has been changed after network reduction
G40-STO ANTONIO;287;STO ANTONIO;2;4 blades;40;7064;21;73;239.2;598;Bulbo;The group has been changed after network reduction
G41-STO ANTONIO;287;STO ANTONIO;2;4 blades;41;7064;21;73;239.2;598;Bulbo;The group has been changed after network reduction
G42-STO ANTONIO;287;STO ANTONIO;2;4 blades;42;7064;21;73;239.2;598;Bulbo;The group has been changed after network reduction
G43-STO ANTONIO;287;STO ANTONIO;2;4 blades;43;7064;21;73;239.2;598;Bulbo;The group has been changed after network reduction
G44-STO ANTONIO;287;STO ANTONIO;2;4 blades;44;7064;21;73;239.2;598;Bulbo;The group has been changed after network reduction
G45-STO ANTONIO230;287;STO ANTONIO;1;5 blades;45;6888;11;69;227.2;568;Bulbo;The group has been changed after network reduction
G46-STO ANTONIO230;287;STO ANTONIO;1;5 blades;46;6888;11;69;227.2;568;Bulbo;The group has been changed after network reduction
G47-STO ANTONIO230;287;STO ANTONIO;1;5 blades;47;6888;11;69;227.2;568;Bulbo;The group has been changed after network reduction
G48-STO ANTONIO230;287;STO ANTONIO;1;5 blades;48;6892;11;69;227.2;568;Bulbo;The group has been changed after network reduction
G49-STO ANTONIO230;287;STO ANTONIO;1;5 blades;49;6892;11;69;227.2;568;Bulbo;The group has been changed after network reduction
G50-STO ANTONIO230;287;STO ANTONIO;1;5 blades;50;6892;11;69;227.2;568;Bulbo;The group has been changed after network reduction
G1-JIRAU;285;JIRAU;1;MD;1;7051;23;75;230;538;Bulbo;
G2-JIRAU;285;JIRAU;1;MD;2;7051;23;75;230;538;Bulbo;
G3-JIRAU;285;JIRAU;1;MD;3;7051;23;75;230;538;Bulbo;
G4-JIRAU;285;JIRAU;1;MD;4;7051;23;75;230;538;Bulbo;
G5-JIRAU;285;JIRAU;1;MD;5;7051;23;75;230;538;Bulbo;
G6-JIRAU;285;JIRAU;1;MD;6;7051;23;75;230;538;Bulbo;
G7-JIRAU;285;JIRAU;1;MD;7;7051;23;75;230;538;Bulbo;
G8-JIRAU;285;JIRAU;1;MD;8;7051;23;75;230;538;Bulbo;
G9-JIRAU;285;JIRAU;1;MD;9;7051;23;75;230;538;Bulbo;
G10-JIRAU;285;JIRAU;1;MD;10;7051;23;75;230;538;Bulbo;
G11-JIRAU;285;JIRAU;1;MD;11;7051;23;75;230;538;Bulbo;
G12-JIRAU;285;JIRAU;1;MD;12;7051;23;75;230;538;Bulbo;
G13-JIRAU;285;JIRAU;1;MD;13;7051;23;75;230;538;Bulbo;
G14-JIRAU;285;JIRAU;1;MD;14;7051;23;75;230;538;Bulbo;
G15-JIRAU;285;JIRAU;1;MD;15;7051;23;75;230;538;Bulbo;
G16-JIRAU;285;JIRAU;1;MD;16;7051;23;75;230;538;Bulbo;
G17-JIRAU;285;JIRAU;1;MD;17;7051;23;75;230;538;Bulbo;
G18-JIRAU;285;JIRAU;1;MD;18;7051;23;75;230;538;Bulbo;
G19-JIRAU;285;JIRAU;1;MD;19;7051;23;75;230;538;Bulbo;
G20-JIRAU;285;JIRAU;1;MD;20;7051;23;75;230;538;Bulbo;
G21-JIRAU;285;JIRAU;1;MD;21;7051;23;75;230;538;Bulbo;
G22-JIRAU;285;JIRAU;1;MD;22;7051;23;75;230;538;Bulbo;
G23-JIRAU;285;JIRAU;1;MD;23;7051;23;75;230;538;Bulbo;
G24-JIRAU;285;JIRAU;1;MD;24;7051;23;75;230;538;Bulbo;
G25-JIRAU;285;JIRAU;1;MD;25;7051;23;75;230;538;Bulbo;
G26-JIRAU;285;JIRAU;1;MD;26;7051;23;75;230;538;Bulbo;
G27-JIRAU;285;JIRAU;1;MD;27;7051;23;75;230;538;Bulbo;
G28-JIRAU;285;JIRAU;1;MD;28;7051;23;75;230;538;Bulbo;
G29-JIRAU;285;JIRAU;1;MD;29;7061;23;75;230;538;Bulbo;The group has been changed after network reduction
G30-JIRAU;285;JIRAU;1;MD;30;7061;23;75;230;538;Bulbo;The group has been changed after network reduction
G31-JIRAU;285;JIRAU;1;MD;31;7061;23;75;230;538;Bulbo;The group has been changed after network reduction
G32-JIRAU;285;JIRAU;1;MD;32;7061;23;75;230;538;Bulbo;The group has been changed after network reduction
G33-JIRAU;285;JIRAU;1;MD;33;7061;23;75;230;538;Bulbo;The group has been changed after network reduction
G34-JIRAU;285;JIRAU;1;MD;34;7061;23;75;230;538;Bulbo;The group has been changed after network reduction
G35-JIRAU;285;JIRAU;1;MD;35;7061;23;75;230;538;Bulbo;The group has been changed after network reduction
G36-JIRAU;285;JIRAU;1;MD;36;7061;23;75;230;538;Bulbo;The group has been changed after network reduction
G37-JIRAU;285;JIRAU;1;MD;37;7061;23;75;230;538;Bulbo;The group has been changed after network reduction
G38-JIRAU;285;JIRAU;1;MD;38;7061;23;75;230;538;Bulbo;The group has been changed after network reduction
G39-JIRAU;285;JIRAU;1;MD;39;7061;23;75;230;538;Bulbo;The group has been changed after network reduction
G40-JIRAU;285;JIRAU;1;MD;40;7061;23;75;230;538;Bulbo;The group has been changed after network reduction
G41-JIRAU;285;JIRAU;1;MD;41;7061;23;75;230;538;Bulbo;The group has been changed after network reduction
G42-JIRAU;285;JIRAU;1;MD;42;7061;23;75;230;538;Bulbo;The group has been changed after network reduction
G43-JIRAU;285;JIRAU;1;MD;43;7061;23;75;230;538;Bulbo;The group has been changed after network reduction
G44-JIRAU;285;JIRAU;1;MD;44;7061;23;75;230;538;Bulbo;The group has been changed after network reduction
G45-JIRAU;285;JIRAU;1;MD;45;7061;23;75;230;538;Bulbo;The group has been changed after network reduction
G46-JIRAU;285;JIRAU;1;MD;46;7061;23;75;230;538;Bulbo;The group has been changed after network reduction
G47-JIRAU;285;JIRAU;1;MD;47;7061;23;75;230;538;Bulbo;The group has been changed after network reduction
G48-JIRAU;285;JIRAU;1;MD;48;7061;23;75;230;538;Bulbo;The group has been changed after network reduction
G49-JIRAU;285;JIRAU;1;MD;49;7061;23;75;230;538;Bulbo;The group has been changed after network reduction
G50-JIRAU;285;JIRAU;1;MD;50;7061;23;75;230;538;Bulbo;The group has been changed after network reduction
G1-SOBRADINHO;169;SOBRADINHO;1;Group 1;1;6294;46;175;356.5;713;Kaplan;
G2-SOBRADINHO;169;SOBRADINHO;1;Group 1;2;6294;46;175;356.5;713;Kaplan;
G3-SOBRADINHO;169;SOBRADINHO;1;Group 1;3;6294;46;175;356.5;713;Kaplan;
G4-SOBRADINHO;169;SOBRADINHO;1;Group 1;4;6294;46;175;356.5;713;Kaplan;
G5-SOBRADINHO;169;SOBRADINHO;1;Group 1;5;6294;46;175;356.5;713;Kaplan;
G6-SOBRADINHO;169;SOBRADINHO;1;Group 1;6;6294;46;175;356.5;713;Kaplan;
G1-P. PRIMAVERA;46;P. PRIMAVERA;1;Group 1;1;510;90;110;318;636;Kaplan;
G2-P. PRIMAVERA;46;P. PRIMAVERA;2;Group 2;2;510;30;110;318;636;Kaplan;
G3-P. PRIMAVERA;46;P. PRIMAVERA;2;Group 2;3;510;30;110;318;636;Kaplan;
G4-P. PRIMAVERA;46;P. PRIMAVERA;2;Group 2;4;510;30;110;318;636;Kaplan;
G5-P. PRIMAVERA;46;P. PRIMAVERA;2;Group 2;5;510;30;110;318;636;Kaplan;
G6-P. PRIMAVERA;46;P. PRIMAVERA;2;Group 2;6;510;30;110;318;636;Kaplan;
G7-P. PRIMAVERA;46;P. PRIMAVERA;2;Group 2;7;510;30;110;318;636;Kaplan;
G8-P. PRIMAVERA;46;P. PRIMAVERA;2;Group 2;8;510;30;110;318;636;Kaplan;
G9-P. PRIMAVERA;46;P. PRIMAVERA;2;Group 2;9;510;30;110;318;636;Kaplan;
G10-P. PRIMAVERA;46;P. PRIMAVERA;2;Group 2;10;510;30;110;318;636;Kaplan;
G11-P. PRIMAVERA;46;P. PRIMAVERA;2;Group 2;11;510;30;110;318;636;Kaplan;
G12-P. PRIMAVERA;46;P. PRIMAVERA;2;Group 2;12;510;30;110;318;636;Kaplan;
G13-P. PRIMAVERA;46;P. PRIMAVERA;2;Group 2;13;510;30;110;318;636;Kaplan;
G14-P. PRIMAVERA;46;P. PRIMAVERA;2;Group 2;14;510;30;110;318;636;Kaplan;
G1-JUPIA;45;JUPIA;1;Group 1;1;503;60;110.8;298;596;Kaplan;
G2-JUPIA;45;JUPIA;2;Group 2;2;502;40;110.8;298;596;Kaplan;
G3-JUPIA;45;JUPIA;1;Group 1;3;503;60;110.8;298;596;Kaplan;
G4-JUPIA;45;JUPIA;3;Group 3;4;502;25;110.8;298;596;Kaplan;
G5-JUPIA;45;JUPIA;3;Group 3;5;502;25;110.8;298;596;Kaplan;
G6-JUPIA;45;JUPIA;3;Group 3;6;502;25;110.8;298;596;Kaplan;
G7-JUPIA;45;JUPIA;3;Group 3;7;502;25;110.8;298;596;Kaplan;
G8-JUPIA;45;JUPIA;3;Group 3;8;502;25;110.8;298;596;Kaplan;
G9-JUPIA;45;JUPIA;3;Group 3;9;502;25;110.8;298;596;Kaplan;
G10-JUPIA;45;JUPIA;4;Group 4;10;502;50;110.8;298;596;Kaplan;
G11-JUPIA;45;JUPIA;3;Group 3;11;502;25;110.8;298;596;Kaplan;
G12-JUPIA;45;JUPIA;3;Group 3;12;502;25;110.8;298;596;Kaplan;
G13-JUPIA;45;JUPIA;4;Group 4;13;502;50;110.8;298;596;Kaplan;
G14-JUPIA;45;JUPIA;3;Group 3;14;502;25;110.8;298;596;Kaplan;
G1-TRES IRMAOS;43;TRES IRMAOS;1;Group 1;1;520;140;161.5;265;441;Francis;
G2-TRES IRMAOS;43;TRES IRMAOS;1;Group 1;2;520;140;161.5;265;441;Francis;
G3-TRES IRMAOS;43;TRES IRMAOS;1;Group 1;3;520;140;161.5;265;441;Francis;
G4-TRES IRMAOS;43;TRES IRMAOS;1;Group 1;4;520;140;161.5;265;441;Francis;
G5-TRES IRMAOS;43;TRES IRMAOS;1;Group 1;5;520;140;161.5;265;441;Francis;
G1-I. SOLTEIRA;34;I. SOLTEIRA;1;Group 1;1;501;130;176;288;480;Francis;
G2-I. SOLTEIRA;34;I. SOLTEIRA;1;Group 1;2;501;130;176;288;480;Francis;
G3-I. SOLTEIRA;34;I. SOLTEIRA;1;Group 1;3;501;130;176;288;480;Francis;
G4-I. SOLTEIRA;34;I. SOLTEIRA;1;Group 1;4;501;130;176;288;480;Francis;
G5-I. SOLTEIRA;34;I. SOLTEIRA;2;Group 2;5;501;90;170;278.4;464;Francis;
G6-I. SOLTEIRA;34;I. SOLTEIRA;2;Group 2;6;501;90;170;278.4;464;Francis;
G7-I. SOLTEIRA;34;I. SOLTEIRA;2;Group 2;7;501;90;170;278.4;464;Francis;
G8-I. SOLTEIRA;34;I. SOLTEIRA;2;Group 2;8;501;90;170;278.4;464;Francis;
G9-I. SOLTEIRA;34;I. SOLTEIRA;2;Group 2;9;501;90;170;278.4;464;Francis;
G10-I. SOLTEIRA;34;I. SOLTEIRA;2;Group 2;10;501;90;170;278.4;464;Francis;
G11-I. SOLTEIRA;34;I. SOLTEIRA;2;Group 2;11;501;90;170;278.4;464;Francis;
G12-I. SOLTEIRA;34;I. SOLTEIRA;2;Group 2;12;501;90;170;278.4;464;Francis;
G13-I. SOLTEIRA;34;I. SOLTEIRA;2;Group 2;13;501;90;170;278.4;464;Francis;
G14-I. SOLTEIRA;34;I. SOLTEIRA;2;Group 2;14;501;90;170;278.4;464;Francis;
G15-I. SOLTEIRA;34;I. SOLTEIRA;2;Group 2;15;501;90;170;278.4;464;Francis;
G16-I. SOLTEIRA;34;I. SOLTEIRA;3;Group 3;16;501;90;174;285;475;Francis;
G17-I. SOLTEIRA;34;I. SOLTEIRA;3;Group 3;17;501;90;174;285;475;Francis;
G18-I. SOLTEIRA;34;I. SOLTEIRA;3;Group 3;18;501;90;174;285;475;Francis;
G19-I. SOLTEIRA;34;I. SOLTEIRA;3;Group 3;19;501;90;174;285;475;Francis;
G20-I. SOLTEIRA;34;I. SOLTEIRA;3;Group 3;20;501;90;174;285;475;Francis;
G1-SAO SIMAO;33;SAO SIMAO;1;Group 1;1;303;235;285;425;445;Francis;
G2-SAO SIMAO;33;SAO SIMAO;1;Group 1;2;303;235;285;425;445;Francis;
G3-SAO SIMAO;33;SAO SIMAO;1;Group 1;3;303;235;285;425;445;Francis;
G4-SAO SIMAO;33;SAO SIMAO;1;Group 1;4;303;235;285;425;445;Francis;
G5-SAO SIMAO;33;SAO SIMAO;1;Group 1;5;303;235;285;425;445;Francis;
G6-SAO SIMAO;33;SAO SIMAO;1;Group 1;6;303;235;285;425;445;Francis;
G1-CACH.DOURADA;32;CACH.DOURADA;1;Group 1;1;750;0;17;40.2;67;Francis;
G2-CACH.DOURADA;32;CACH.DOURADA;1;Group 1;2;750;0;17;40.2;67;Francis;
G3-CACH.DOURADA;32;CACH.DOURADA;2;Group 2;3;751;0;54;127.8;213;Francis;
G4-CACH.DOURADA;32;CACH.DOURADA;2;Group 2;4;751;0;54;127.8;213;Francis;
G5-CACH.DOURADA;32;CACH.DOURADA;2;Group 2;5;752;0;54;127.8;213;Francis;
G6-CACH.DOURADA;32;CACH.DOURADA;3;Group 3;6;753;0;84;198.6;331;Francis;
G7-CACH.DOURADA;32;CACH.DOURADA;3;Group 3;7;753;0;84;198.6;331;Francis;
G8-CACH.DOURADA;32;CACH.DOURADA;3;Group 3;8;753;0;84;198.6;331;Francis;
G9-CACH.DOURADA;32;CACH.DOURADA;4;Group 4;9;754;0;105;241.2;402;Francis;
G10-CACH.DOURADA;32;CACH.DOURADA;4;Group 4;10;754;0;105;241.2;402;Francis;
G1-ITUMBIARA;31;ITUMBIARA;1;Group 1;1;18;200;347;375;537;Francis;
G2-ITUMBIARA;31;ITUMBIARA;1;Group 1;2;18;200;347;375;537;Francis;
G3-ITUMBIARA;31;ITUMBIARA;1;Group 1;3;18;200;347;375;537;Francis;
G4-ITUMBIARA;31;ITUMBIARA;1;Group 1;4;18;200;347;375;537;Francis;
G5-ITUMBIARA;31;ITUMBIARA;1;Group 1;5;18;200;347;375;537;Francis;
G6-ITUMBIARA;31;ITUMBIARA;1;Group 1;6;18;200;347;375;537;Francis;
G1-EMBORCACAO;24;EMBORCACAO;1;Group 1;1;300;112;298;157.2;262;Francis;
G2-EMBORCACAO;24;EMBORCACAO;1;Group 1;2;300;112;298;157.2;262;Francis;
G3-EMBORCACAO;24;EMBORCACAO;1;Group 1;3;300;112;298;157.2;262;Francis;
G4-EMBORCACAO;24;EMBORCACAO;1;Group 1;4;300;112;298;157.2;262;Francis;
G1-A. VERMELHA;18;A. VERMELHA;1;Group 1;1;500;55;232.7;295.8;493;Francis;
G2-A. VERMELHA;18;A. VERMELHA;1;Group 1;2;500;55;232.7;295.8;493;Francis;
G3-A. VERMELHA;18;A. VERMELHA;1;Group 1;3;500;55;232.7;295.8;493;Francis;
G4-A. VERMELHA;18;A. VERMELHA;1;Group 1;4;500;55;232.7;295.8;493;Francis;
G5-A. VERMELHA;18;A. VERMELHA;1;Group 1;5;500;55;232.7;295.8;493;Francis;
G6-A. VERMELHA;18;A. VERMELHA;1;Group 1;6;500;55;232.7;295.8;493;Francis;
G1-MARIMBONDO;17;MARIMBONDO;1;Group 1;1;20;110;190;290;368;Francis;
G2-MARIMBONDO;17;MARIMBONDO;1;Group 1;2;20;110;190;290;368;Francis;
G3-MARIMBONDO;17;MARIMBONDO;1;Group 1;3;20;110;190;290;368;Francis;
G4-MARIMBONDO;17;MARIMBONDO;1;Group 1;4;20;110;190;290;368;Francis;
G5-MARIMBONDO;17;MARIMBONDO;1;Group 1;5;20;110;190;290;368;Francis;
G6-MARIMBONDO;17;MARIMBONDO;1;Group 1;6;20;110;190;290;368;Francis;
G7-MARIMBONDO;17;MARIMBONDO;1;Group 1;7;20;110;190;290;368;Francis;
G8-MARIMBONDO;17;MARIMBONDO;1;Group 1;8;20;110;190;290;368;Francis;
G1-LC BARRETO;8;LC BARRETO;1;Group 1;1;12;125;184;236.6;338;Francis;The minimum turbine discharge was increased to 0.7 of the maximum
G2-LC BARRETO;8;LC BARRETO;1;Group 1;2;12;125;184;236.6;338;Francis;The minimum turbine discharge was increased to 0.7 of the maximum
G3-LC BARRETO;8;LC BARRETO;1;Group 1;3;12;125;184;236.6;338;Francis;The minimum turbine discharge was increased to 0.7 of the maximum
G4-LC BARRETO;8;LC BARRETO;1;Group 1;4;12;125;184;236.6;338;Francis;The minimum turbine discharge was increased to 0.7 of the maximum
G5-LC BARRETO;8;LC BARRETO;1;Group 1;5;12;125;184;236.6;338;Francis;The minimum turbine discharge was increased to 0.7 of the maximum
G6-LC BARRETO;8;LC BARRETO;1;Group 1;6;12;125;184;236.6;338;Francis;The minimum turbine discharge was increased to 0.7 of the maximum
G1-FURNAS;6;FURNAS;1;Group 1;1;16;100;152;145;211;Francis;
G2-FURNAS;6;FURNAS;1;Group 1;2;16;100;152;145;211;Francis;
G3-FURNAS;6;FURNAS;1;Group 1;3;16;100;152;145;211;Francis;
G4-FURNAS;6;FURNAS;1;Group 1;4;16;100;152;145;211;Francis;
G5-FURNAS;6;FURNAS;1;Group 1;5;16;100;152;145;211;Francis;
G6-FURNAS;6;FURNAS;1;Group 1;6;16;100;152;145;211;Francis;
G7-FURNAS;6;FURNAS;2;Group 2;7;16;100;152;145;211;Francis;Group changed after network reduction
G8-FURNAS;6;FURNAS;2;Group 2;8;16;100;152;145;211;Francis;Group changed after network reduction
G1-TRES MARIAS;156;TRES MARIAS;1;Group 1;1;304;18;66;75;150;Kaplan;
G2-TRES MARIAS;156;TRES MARIAS;1;Group 1;2;304;18;66;75;150;Kaplan;
G3-TRES MARIAS;156;TRES MARIAS;1;Group 1;3;304;18;66;75;150;Kaplan;
G4-TRES MARIAS;156;TRES MARIAS;1;Group 1;4;304;18;66;75;150;Kaplan;
G5-TRES MARIAS;156;TRES MARIAS;1;Group 1;5;304;18;66;75;150;Kaplan;
G6-TRES MARIAS;156;TRES MARIAS;1;Group 1;6;304;18;66;75;150;Kaplan;
G1-ITAPARICA;172;ITAPARICA;1;Group 1;1;5051;180;250;450;551;Francis;
G2-ITAPARICA;172;ITAPARICA;1;Group 1;2;5051;180;250;450;551;Francis;
G3-ITAPARICA;172;ITAPARICA;1;Group 1;3;5051;180;250;450;551;Francis;
G4-ITAPARICA;172;ITAPARICA;1;Group 1;4;5054;180;250;450;551;Francis;Group changed after network reduction
G5-ITAPARICA;172;ITAPARICA;1;Group 1;5;5054;180;250;450;551;Francis;Group changed after network reduction
G6-ITAPARICA;172;ITAPARICA;1;Group 1;6;5054;180;250;450;551;Francis;Group changed after network reduction
G1-MOXOTO;173;MOXOTO;1;Group 1;1;5030;50;100;260;550;Kaplan;
G2-MOXOTO;173;MOXOTO;1;Group 1;2;5030;50;100;260;550;Kaplan;
G3-MOXOTO;173;MOXOTO;1;Group 1;3;5032;50;100;260;550;Kaplan;Group changed after network reduction
G4-MOXOTO;173;MOXOTO;1;Group 1;4;5032;50;100;260;550;Kaplan;Group changed after network reduction
G1-P.AFONSO 123;174;P.AFONSO 123;1;PA-1;1;5005;50;60;61;84;Francis;
G2-P.AFONSO 123;174;P.AFONSO 123;1;PA-1;2;5005;50;60;61;84;Francis;
G3-P.AFONSO 123;174;P.AFONSO 123;1;PA-1;3;5006;50;60;61;84;Francis;
G4-P.AFONSO 123;174;P.AFONSO 123;2;PA-2;4;5009;70;70;85;97;Francis;
G5-P.AFONSO 123;174;P.AFONSO 123;2;PA-2;5;5010;70;70;85;97;Francis;
G6-P.AFONSO 123;174;P.AFONSO 123;3;PA-3;6;5011;70;75;85;107;Francis;
G7-P.AFONSO 123;174;P.AFONSO 123;4;PA-4;7;5012;50;76;63;105;Francis;
G8-P.AFONSO 123;174;P.AFONSO 123;4;PA-4;8;5013;50;76;63;105;Francis;
G9-P.AFONSO 123;174;P.AFONSO 123;4;PA-4;9;5014;50;76;63;105;Francis;
G10-P.AFONSO 123;174;P.AFONSO 123;5;PA-5;10;5015;150;200;185;277;Francis;
G11-P.AFONSO 123;174;P.AFONSO 123;5;PA-5;11;5015;150;200;185;277;Francis;
G12-P.AFONSO 123;174;P.AFONSO 123;5;PA-5;12;5016;150;200;185;277;Francis;
G13-P.AFONSO 123;174;P.AFONSO 123;5;PA-5;13;5016;150;200;185;277;Francis;
G1-P.AFONSO 4;175;P.AFONSO 4;1;Group 1;1;5022;250;410;240;400;Francis;
G2-P.AFONSO 4;175;P.AFONSO 4;1;Group 1;2;5022;250;410;240;400;Francis;
G3-P.AFONSO 4;175;P.AFONSO 4;1;Group 1;3;5022;250;410;240;400;Francis;
G4-P.AFONSO 4;175;P.AFONSO 4;1;Group 1;4;5022;250;410;240;400;Francis;
G5-P.AFONSO 4;175;P.AFONSO 4;1;Group 1;5;5022;250;410;240;400;Francis;
G6-P.AFONSO 4;175;P.AFONSO 4;1;Group 1;6;5022;250;410;240;400;Francis;
G1-XINGO;178;XINGO;1;Group 1;1;5061;310;527;297.6;496;Francis;
G2-XINGO;178;XINGO;1;Group 1;2;5061;310;527;297.6;496;Francis;
G3-XINGO;178;XINGO;1;Group 1;3;5061;310;527;297.6;496;Francis;
G4-XINGO;178;XINGO;1;Group 1;4;5061;310;527;297.6;496;Francis;
G5-XINGO;178;XINGO;1;Group 1;5;5061;310;527;297.6;496;Francis;
G6-XINGO;178;XINGO;1;Group 1;6;5061;310;527;297.6;496;Francis;
G1-PIMENTAL;314;PIMENTAL;1;Group 1;1;6555;9.61;38.85;155.52;388.8;Bulbo;
G2-PIMENTAL;314;PIMENTAL;1;Group 1;2;6555;9.61;38.85;155.52;388.8;Bulbo;
G3-PIMENTAL;314;PIMENTAL;1;Group 1;3;6556;9.61;38.85;155.52;388.8;Bulbo;
G4-PIMENTAL;314;PIMENTAL;1;Group 1;4;6556;9.61;38.85;155.52;388.8;Bulbo;
G5-PIMENTAL;314;PIMENTAL;1;Group 1;5;6559;9.61;38.85;155.52;388.8;Bulbo;
G6-PIMENTAL;314;PIMENTAL;1;Group 1;6;6559;9.61;38.85;155.52;388.8;Bulbo;
G1-TELES PIRES;229;TELES PIRES;1;Group 1;1;4492;185;364;464.4;774;Francis;
G2-TELES PIRES;229;TELES PIRES;1;Group 1;2;4492;185;364;464.4;774;Francis;
G3-TELES PIRES;229;TELES PIRES;1;Group 1;3;4492;185;364;464.4;774;Francis;
G4-TELES PIRES;229;TELES PIRES;1;Group 1;4;4492;185;364;464.4;774;Francis;
G5-TELES PIRES;229;TELES PIRES;1;Group 1;5;4492;185;364;464.4;774;Francis;
G1-ITAIPU;66;ITAIPU;1;50 Hz;1;85;170;700;394.2;657;Francis;
G2-ITAIPU;66;ITAIPU;1;50 Hz;2;85;170;700;394.2;657;Francis;
G3-ITAIPU;66;ITAIPU;1;50 Hz;3;85;170;700;394.2;657;Francis;
G4-ITAIPU;66;ITAIPU;1;50 Hz;4;85;170;700;394.2;657;Francis;
G5-ITAIPU;66;ITAIPU;1;50 Hz;5;85;170;700;394.2;657;Francis;
G6-ITAIPU;66;ITAIPU;1;50 Hz;6;85;170;700;394.2;657;Francis;
G7-ITAIPU;66;ITAIPU;1;50 Hz;7;85;170;700;394.2;657;Francis;
G8-ITAIPU;66;ITAIPU;1;50 Hz;8;85;170;700;394.2;657;Francis;
G9-ITAIPU;66;ITAIPU;1;50 Hz;9;85;170;700;394.2;657;Francis;
G10-ITAIPU;66;ITAIPU;1;50 Hz;10;85;170;700;394.2;657;Francis;
G11-ITAIPU;66;ITAIPU;2;60 Hz;11;1107;170;700;394.2;657;Francis;
G12-ITAIPU;66;ITAIPU;2;60 Hz;12;1107;170;700;394.2;657;Francis;
G13-ITAIPU;66;ITAIPU;2;60 Hz;13;1107;170;700;394.2;657;Francis;
G14-ITAIPU;66;ITAIPU;2;60 Hz;14;1107;170;700;394.2;657;Francis;
G15-ITAIPU;66;ITAIPU;2;60 Hz;15;1107;170;700;394.2;657;Francis;
G16-ITAIPU;66;ITAIPU;2;60 Hz;16;1107;170;700;394.2;657;Francis;
G17-ITAIPU;66;ITAIPU;2;60 Hz;17;1107;170;700;394.2;657;Francis;
G18-ITAIPU;66;ITAIPU;2;60 Hz;18;1107;170;700;394.2;657;Francis;
G19-ITAIPU;66;ITAIPU;2;60 Hz;19;1107;170;700;394.2;657;Francis;
G20-ITAIPU;66;ITAIPU;2;60 Hz;20;1107;170;700;394.2;657;Francis;
G1-CHAVANTES;49;CHAVANTES;1;Group 1;1;514;50;103.5;96;160;Francis;
G2-CHAVANTES;49;CHAVANTES;2;Group 2;2;514;50;103.5;96;160;Francis;
G3-CHAVANTES;49;CHAVANTES;2;Group 2;3;514;50;103.5;96;160;Francis;
G4-CHAVANTES;49;CHAVANTES;2;Group 2;4;514;50;103.5;96;160;Francis;
G1-ROSANA;63;ROSANA;1;Group 1;1;511;40;88.5;262.5;525;Kaplan;
G2-ROSANA;63;ROSANA;1;Group 1;2;511;40;88.5;262.5;525;Kaplan;
G3-ROSANA;63;ROSANA;1;Group 1;3;511;40;88.5;262.5;525;Kaplan;
G4-ROSANA;63;ROSANA;1;Group 1;4;511;40;88.5;262.5;525;Kaplan;
G1-TAQUARUCU;62;TAQUARUCU;1;Group 1;1;513;40;105;241.92;483.84;Kaplan;
G2-TAQUARUCU;62;TAQUARUCU;1;Group 1;2;513;40;105;241.92;483.84;Kaplan;
G3-TAQUARUCU;62;TAQUARUCU;1;Group 1;3;513;40;105;241.92;483.84;Kaplan;
G4-TAQUARUCU;62;TAQUARUCU;1;Group 1;4;513;40;105;241.92;483.84;Kaplan;
G5-TAQUARUCU;62;TAQUARUCU;1;Group 1;5;513;40;105;241.92;483.84;Kaplan;
G1-CAPIVARA;61;CAPIVARA;1;Group 1;1;507;63;163;320;398;Francis;
G2-CAPIVARA;61;CAPIVARA;2;Group 2;2;507;80;152;386;410;Francis;
G3-CAPIVARA;61;CAPIVARA;2;Group 2;3;507;80;152;386;410;Francis;
G4-CAPIVARA;61;CAPIVARA;2;Group 2;4;507;80;152;386;410;Francis;
G1-FONTES;183;FONTES;1;Group 1;1;253;0;44;10.2;17;Francis;
G1-FONTES BC;184;FONTES BC;1;Group 1;1;253;0;44;10.2;17;Francis;
G2-FONTES BC;184;FONTES BC;1;Group 1;2;253;0;44;10.2;17;Francis;
G1-NILO PEÇANHA;131;NILO PEÇANHA;1;Group 1;1;250;0;48.97;10.8;18;Francis;
G2-NILO PEÇANHA;131;NILO PEÇANHA;1;Group 1;2;250;0;48.97;10.8;18;Francis;
G3-NILO PEÇANHA;131;NILO PEÇANHA;1;Group 2;3;250;0;72.44;16.2;27;Francis;
G4-NILO PEÇANHA;131;NILO PEÇANHA;1;Group 2;4;250;0;72.44;16.2;27;Francis;
G5-NILO PEÇANHA;131;NILO PEÇANHA;1;Group 2;5;250;0;72.44;16.2;27;Francis;
G6-NILO PEÇANHA;131;NILO PEÇANHA;1;Group 2;6;250;0;72.44;16.2;27;Francis;
G1-PEREIRA PASSOS;133;PEREIRA PASSOS;1;Group 1;1;255;0;51.02;95.4;159;Francis;
G2-PEREIRA PASSOS;133;PEREIRA PASSOS;1;Group 1;2;255;0;51.02;95.4;159;Francis;
G1-FUNIL;123;FUNIL;1;Group 1;1;14;45;74;75;126;Francis;
G2-FUNIL;123;FUNIL;1;Group 1;2;14;45;74;75;126;Francis;
G3-FUNIL;123;FUNIL;1;Group 1;3;14;45;74;75;126;Francis;
G1-PARAIBUNA;121;PARAIBUNA;1;Group 1;1;526;0;43;36;60;Francis;
G2-PARAIBUNA;121;PARAIBUNA;1;Group 1;2;526;0;43;36;60;Francis;
G1-SANTA BRANCA;122;SANTA BRANCA;1;Group 1;1;296;0;28;43.2;72;Francis;
G2-SANTA BRANCA;122;SANTA BRANCA;1;Group 1;2;296;0;28;43.2;72;Francis;
G1-JAGUARI;120;JAGUARI;1;Group 1;1;525;0;14;19.2;32;Francis;
G2-JAGUARI;120;JAGUARI;1;Group 1;2;525;0;14;19.2;32;Francis;
G1-PICADA;126;PICADA;1;Group 1;1;4016;12.5;25;13.2;22;Francis;
G2-PICADA;126;PICADA;1;Group 1;2;4016;12.5;25;13.2;22;Francis;
G1-SOBRAGI;127;SOBRAGI;1;Group 1;1;317;11;18.8;18;30;Francis;
G2-SOBRAGI;127;SOBRAGI;1;Group 1;2;317;11;18.8;18;30;Francis;
G3-SOBRAGI;127;SOBRAGI;1;Group 1;3;317;11;18.8;18;30;Francis;
G1-SIMPLÍCIO;129;SIMPLÍCIO;1;Group 1;1;9500;50;101.9;61.8;103;Francis;
G2-SIMPLÍCIO;129;SIMPLÍCIO;1;Group 1;2;9500;50;101.9;61.8;103;Francis;
G3-SIMPLÍCIO;129;SIMPLÍCIO;1;Group 1;3;9500;50;101.9;61.8;103;Francis;
G1-ILHA DOS POMBOS;130;ILHA DOS POMBOS;1;Group 1;1;257;9.64;27.9;63.6;106;Francis;
G2-ILHA DOS POMBOS;130;ILHA DOS POMBOS;2;Group 2;2;257;9.6;27.8;63;105;Francis;
G3-ILHA DOS POMBOS;130;ILHA DOS POMBOS;3;Group 3;3;257;11.17;32.61;74.4;124;Francis;
G4-ILHA DOS POMBOS;130;ILHA DOS POMBOS;4;Group 4;4;257;17;50;114;190;Francis;
G5-ILHA DOS POMBOS;130;ILHA DOS POMBOS;5;Group 5;5;257;17.18;52.39;119.4;199;Francis;
G1-CORUMBÁ IV;29;CORUMBÁ IV;1;Group 1;1;3641;45;64.8;71.76;104;Francis;
G2-CORUMBÁ IV;29;CORUMBÁ IV;1;Group 1;2;3641;45;64.8;71.76;104;Francis;
G1-CORUMBÁ III;203;CORUMBÁ III;1;Group 1;1;3642;33;47.8;95.22;138;Francis;
G2-CORUMBÁ III;203;CORUMBÁ III;2;Group 2;2;3642;33.5;48.6;96.6;140;Francis;
G1-CORUMBÁ I;30;CORUMBÁ I;1;Group 1;1;35;86.25;125;131.11;190;Francis;
G2-CORUMBÁ I;30;CORUMBÁ I;1;Group 1;2;35;86.25;125;131.11;190;Francis;
G3-CORUMBÁ I;30;CORUMBÁ I;1;Group 1;3;35;86.25;125;131.11;190;Francis;
G1-BATALHA;20;BATALHA;1;Group 1;1;9446;8;27;23.1;77;Kaplan;
G2-BATALHA;20;BATALHA;1;Group 1;2;9446;8;27;23.1;77;Kaplan;
G1-SERRA DO FACÃO;21;SERRA DO FACÃO;1;Group 1;1;3014;63.78;106.3;97.2;162;Francis;
G2-SERRA DO FACÃO;21;SERRA DO FACÃO;1;Group 1;2;3014;63.78;106.3;97.2;162;Francis;
G1-NOVA PONTE;25;NOVA PONTE;1;Group 1;1;302;102;170;115.2;192;Francis;
G2-NOVA PONTE;25;NOVA PONTE;1;Group 1;2;302;102;170;115.2;192;Francis;
G3-NOVA PONTE;25;NOVA PONTE;1;Group 1;3;302;102;170;115.2;192;Francis;
G1-MIRANDA;26;MIRANDA;1;Group 1;1;312;80;136;135;225;Francis;
G2-MIRANDA;26;MIRANDA;1;Group 1;2;312;80;136;135;225;Francis;
G3-MIRANDA;26;MIRANDA;1;Group 1;3;312;80;136;135;225;Francis;
G1-AMADOR AGUIAR I;27;AMADOR AGUIAR I;1;Group 1;1;4052;59.51;81;99;165;Francis;
G2-AMADOR AGUIAR I;27;AMADOR AGUIAR I;1;Group 1;2;4052;62.6;81;99;165;Francis;
G3-AMADOR AGUIAR I;27;AMADOR AGUIAR I;1;Group 1;3;4052;62.6;81;99;165;Francis;
G1-AMADOR AGUIAR II;28;AMADOR AGUIAR II;1;Group 1;1;4054;35;70;107.4;179;Francis;
G2-AMADOR AGUIAR II;28;AMADOR AGUIAR II;1;Group 1;2;4054;35;70;107.4;179;Francis;
G3-AMADOR AGUIAR II;28;AMADOR AGUIAR II;1;Group 1;3;4054;35;70;107.4;179;Francis;
G1-ESPORA;290;ESPORA;1;Group 1;1;3744;3.21;10.7;7.2;24;Kaplan;
G2-ESPORA;290;ESPORA;1;Group 1;2;3744;3.21;10.7;7.2;24;Kaplan;
G3-ESPORA;290;ESPORA;1;Group 1;3;3744;3.21;10.7;7.2;24;Kaplan;
G1-SALTO;262;SALTO;1;Group 1;1;9442;34.8;58;78;130;Francis;
G2-SALTO;262;SALTO;1;Group 1;2;9442;34.8;58;78;130;Francis;
G1-SALTO DO RIO VERDINHO;241;SALTO DO RIO VERDINHO;1;Group 1;1;9443;27.9;46.5;76.2;127;Francis;
G2-SALTO DO RIO VERDINHO;241;SALTO DO RIO VERDINHO;1;Group 1;2;9443;27.9;46.5;76.2;127;Francis;
G1-CAÇU;311;CAÇU;1;Group 1;1;9448;9.75;32.5;40.2;134;Kaplan;
G2-CAÇU;311;CAÇU;1;Group 1;2;9448;9.75;32.5;40.2;134;Kaplan;
G1-BARRA DOS COQUEIROS;312;BARRA DOS COQUEIROS;1;Group 1;1;9449;13.5;45;41.7;139;Kaplan;
G2-BARRA DOS COQUEIROS;312;BARRA DOS COQUEIROS;1;Group 1;2;9449;13.5;45;41.7;139;Kaplan;
G1-FOZ DO RIO CLARO;315;FOZ DO RIO CLARO;1;Group 1;1;9447;10.26;34.2;44.7;149;Kaplan;
G2-FOZ DO RIO CLARO;315;FOZ DO RIO CLARO;1;Group 1;2;9447;10.26;34.2;44.7;149;Kaplan;
G1-CAMARGOS;1;CAMARGOS;1;Group 1;1;1501;8.5;22.5;44;110;Kaplan;
G2-CAMARGOS;1;CAMARGOS;1;Group 1;2;1501;8.5;22.5;44;110;Kaplan;
G1-ITUTINGA;2;ITUTINGA;1;Group 1;1;1538;6;12.5;28.5;57;Kaplan;
G2-ITUTINGA;2;ITUTINGA;1;Group 1;2;1538;6;12.5;28.5;57;Kaplan;
G3-ITUTINGA;2;ITUTINGA;2;Group 2;3;1538;13;14;58;63;Kaplan;
G4-ITUTINGA;2;ITUTINGA;3;Group 3;4;1538;12;13.5;54;59;Kaplan;
G1-FUNIL GRANDE;4;FUNIL - GRANDE;1;Group 1;1;4044;19.3;60;78;195;Kaplan;
G2-FUNIL GRANDE;4;FUNIL - GRANDE;1;Group 1;2;4044;19.3;60;78;195;Kaplan;
G3-FUNIL GRANDE;4;FUNIL - GRANDE;1;Group 1;3;4044;19.3;60;78;195;Kaplan;
G1-MASCARENHAS DE MORAES;7;MASCARENHAS DE MORAES;1;Group 1;1;24;23;40;65.4;109;Francis;
G2-MASCARENHAS DE MORAES;7;MASCARENHAS DE MORAES;1;Group 1;2;24;23;40;65.4;109;Francis;
G3-MASCARENHAS DE MORAES;7;MASCARENHAS DE MORAES;2;Group 2;3;24;26;48;73.8;123;Francis;
G4-MASCARENHAS DE MORAES;7;MASCARENHAS DE MORAES;2;Group 2;4;24;26;48;73.8;123;Francis;
G5-MASCARENHAS DE MORAES;7;MASCARENHAS DE MORAES;3;Group 3;5;22;36;49.4;85.2;142;Francis;
G6-MASCARENHAS DE MORAES;7;MASCARENHAS DE MORAES;3;Group 3;6;22;36;49.4;85.2;142;Francis;
G7-MASCARENHAS DE MORAES;7;MASCARENHAS DE MORAES;3;Group 3;7;22;36;49.4;85.2;142;Francis;
G8-MASCARENHAS DE MORAES;7;MASCARENHAS DE MORAES;3;Group 3;8;22;36;49.4;85.2;142;Francis;
G9-MASCARENHAS DE MORAES;7;MASCARENHAS DE MORAES;4;Group 4;9;22;36;52;88.8;148;Francis;
G10-MASCARENHAS DE MORAES;7;MASCARENHAS DE MORAES;4;Group 4;10;22;36;52;88.8;148;Francis;
G1-JAGUARA;9;JAGUARA;1;Group 1;1;301;75;106;161.4;269;Francis;
G2-JAGUARA;9;JAGUARA;2;Group 2;2;301;80;106;161.4;269;Francis;
G3-JAGUARA;9;JAGUARA;1;Group 1;3;301;75;106;161.4;269;Francis;
G4-JAGUARA;9;JAGUARA;1;Group 1;4;301;75;106;161.4;269;Francis;
G1-IGARAPAVA;10;IGARAPAVA;1;Group 1;1;343;12;42;90;296;Kaplan;
G2-IGARAPAVA;10;IGARAPAVA;1;Group 1;2;343;12;42;90;296;Kaplan;
G3-IGARAPAVA;10;IGARAPAVA;1;Group 1;3;343;12;42;90;296;Kaplan;
G4-IGARAPAVA;10;IGARAPAVA;1;Group 1;4;343;12;42;90;296;Kaplan;
G5-IGARAPAVA;10;IGARAPAVA;1;Group 1;5;343;12;42;90;296;Kaplan;
G1-VOLTA GRANDE;11;VOLTA GRANDE;1;Group 1;1;305;50;95;190;396;Kaplan;
G2-VOLTA GRANDE;11;VOLTA GRANDE;1;Group 1;2;305;50;95;190;396;Kaplan;
G3-VOLTA GRANDE;11;VOLTA GRANDE;1;Group 1;3;305;50;95;190;396;Kaplan;
G4-VOLTA GRANDE;11;VOLTA GRANDE;1;Group 1;4;305;50;95;190;396;Kaplan;
G1-PORTO COLÔMBIA;12;PORTO COLÔMBIA;1;Group 1;1;28;40;80;150;497;Kaplan;
G2-PORTO COLÔMBIA;12;PORTO COLÔMBIA;1;Group 1;2;28;40;80;150;497;Kaplan;
G3-PORTO COLÔMBIA;12;PORTO COLÔMBIA;1;Group 1;3;28;40;80;150;497;Kaplan;
G4-PORTO COLÔMBIA;12;PORTO COLÔMBIA;1;Group 1;4;28;40;80;150;497;Kaplan;
G1-CACONDE;14;CACONDE;1;Group 1;1;521;24.72;41.2;28.8;48;Francis;
G2-CACONDE;14;CACONDE;2;Group 2;2;521;23.52;39.2;27.6;46;Francis;
G1-E. DA CUNHA;15;E. DA CUNHA;1;Group 1;1;522;16.32;27.2;22.2;37;Francis;
G2-E. DA CUNHA;15;E. DA CUNHA;1;Group 1;2;522;16.32;27.2;22.2;37;Francis;
G3-E. DA CUNHA;15;E. DA CUNHA;1;Group 1;3;522;16.32;27.2;22.2;37;Francis;
G4-E. DA CUNHA;15;E. DA CUNHA;1;Group 1;4;522;16.32;27.2;22.2;37;Francis;
G1-A. S. OLIVEIRA;16;A. S. OLIVEIRA;1;Group 1;1;523;6.4;16;36;89;Kaplan;
G2-A. S. OLIVEIRA;16;A. S. OLIVEIRA;1;Group 1;2;523;6.4;16;36;89;Kaplan;
G1-SÃO DOMINGOS;153;SÃO DOMINGOS;1;Group 1;1;1866;9.6;24;32.4;81;Kaplan;
G2-SÃO DOMINGOS;153;SÃO DOMINGOS;1;Group 1;2;1866;9.6;24;32.4;81;Kaplan;
G1-BARRA BONITA;37;BARRA BONITA;1;Group 1;1;516;14;35;75.6;189;Kaplan;
G2-BARRA BONITA;37;BARRA BONITA;1;Group 1;2;516;14;35;75.6;189;Kaplan;
G3-BARRA BONITA;37;BARRA BONITA;1;Group 1;3;516;14;35;75.6;189;Kaplan;
G4-BARRA BONITA;37;BARRA BONITA;1;Group 1;4;516;14;35;75.6;189;Kaplan;
G1-BARIRI;38;BARIRI;1;Group 1;1;515;19.2;48;103;257;Kaplan;
G2-BARIRI;38;BARIRI;1;Group 1;2;515;19.2;48;103;257;Kaplan;
G3-BARIRI;38;BARIRI;1;Group 1;3;515;19.2;48;103;257;Kaplan;
G1-IBITINGA;39;IBITINGA;1;Group 1;1;517;17;43.8;94;234;Kaplan;
G2-IBITINGA;39;IBITINGA;1;Group 1;2;517;17;43.8;94;234;Kaplan;
G3-IBITINGA;39;IBITINGA;1;Group 1;3;517;17;43.8;94;234;Kaplan;
G1-PROMISSÃO;40;PROMISSÃO;1;Group 1;1;519;35;88;173;431;Kaplan;
G2-PROMISSÃO;40;PROMISSÃO;1;Group 1;2;519;35;88;173;431;Kaplan;
G3-PROMISSÃO;40;PROMISSÃO;1;Group 1;3;519;35;88;173;431;Kaplan;
G1-N.AVANHANDAVA;42;N.AVANHANDAVA;1;Group 1;1;518;46;115.8;191;477;Kaplan;
G2-N.AVANHANDAVA;42;N.AVANHANDAVA;1;Group 1;2;518;46;115.8;191;477;Kaplan;
G3-N.AVANHANDAVA;42;N.AVANHANDAVA;1;Group 1;3;518;46;115.8;191;477;Kaplan;
G1-HENRY BORDEN;119;HENRY BORDEN;1;External 1;1;7452;0;40;0;7;Pelton;
G2-HENRY BORDEN;119;HENRY BORDEN;2;External 2;2;7452;0;36;0;6;Pelton;
G3-HENRY BORDEN;119;HENRY BORDEN;3;External 3;3;7451;0;65;0;11;Pelton;
G4-HENRY BORDEN;119;HENRY BORDEN;3;External 3;4;7453;0;65;0;11;Pelton;Group changed after network reduction
G5-HENRY BORDEN;119;HENRY BORDEN;3;External 3;5;7453;0;65;0;11;Pelton;Group changed after network reduction
G6-HENRY BORDEN;119;HENRY BORDEN;3;External 3;6;7453;0;65;0;11;Pelton;Group changed after network reduction
G7-HENRY BORDEN;119;HENRY BORDEN;3;External 3;7;7451;0;65;0;11;Pelton;Group changed after network reduction
G8-HENRY BORDEN;119;HENRY BORDEN;4;Underground 1;8;7454;0;68;0;12;Pelton;
G9-HENRY BORDEN;119;HENRY BORDEN;5;Underground 2;9;7454;0;70;0;12;Pelton;Group changed after network reduction
G10-HENRY BORDEN;119;HENRY BORDEN;5;Underground 2;10;7454;0;70;0;12;Pelton;Group changed after network reduction
G11-HENRY BORDEN;119;HENRY BORDEN;5;Underground 2;11;7458;0;70;0;12;Pelton;Group changed after network reduction
G12-HENRY BORDEN;119;HENRY BORDEN;5;Underground 2;12;7458;0;70;0;12;Pelton;Group changed after network reduction
G13-HENRY BORDEN;119;HENRY BORDEN;5;Underground 2;13;7459;0;70;0;12;Pelton;Group changed after network reduction
G14-HENRY BORDEN;119;HENRY BORDEN;5;Underground 2;14;7459;0;70;0;12;Pelton;Group changed after network reduction
G1-JURUMIRIM;47;JURUMIRIM;1;Group 1;1;506;21;48.9;73;182;Kaplan;
G2-JURUMIRIM;47;JURUMIRIM;1;Group 1;2;506;21;48.9;73;182;Kaplan;
G1-PIRAJU;48;PIRAJU;1;Group 1;1;614;16;40;72;181;Kaplan;
G2-PIRAJU;48;PIRAJU;1;Group 1;2;614;16;40;72;181;Kaplan;
G1-OURINHOS;249;OURINHOS;1;Group 1;1;2031;6;14.7;65;162;Kaplan;
G2-OURINHOS;249;OURINHOS;1;Group 1;2;2031;6;14.7;65;162;Kaplan;
G3-OURINHOS;249;OURINHOS;1;Group 1;3;2031;6;14.7;65;162;Kaplan;
G1-L. N. GARCEZ;50;L. N. GARCEZ;1;Group 1;1;512;7;18.45;60;145;Kaplan;
G2-L. N. GARCEZ;50;L. N. GARCEZ;1;Group 1;2;512;7;18.45;60;145;Kaplan;
G3-L. N. GARCEZ;50;L. N. GARCEZ;1;Group 1;3;512;7;18.45;60;145;Kaplan;
G4-L. N. GARCEZ;50;L. N. GARCEZ;1;Group 1;4;512;7;18.45;60;145;Kaplan;
G1-CANOAS II;51;CANOAS II;1;Group 1;1;509;7;24;75;187;Kaplan;
G2-CANOAS II;51;CANOAS II;1;Group 1;2;509;7;24;75;187;Kaplan;
G3-CANOAS II;51;CANOAS II;1;Group 1;3;509;7;24;75;187;Kaplan;
G1-CANOAS I;52;CANOAS I;1;Group 1;1;508;8;27.5;77;189;Kaplan;
G2-CANOAS I;52;CANOAS I;1;Group 1;2;508;8;27.5;77;189;Kaplan;
G3-CANOAS I;52;CANOAS I;1;Group 1;3;508;8;27.5;77;189;Kaplan;
G1-MAUÁ;57;MAUÁ;1;Group 1;1;983;60;117;60;113;Francis;
G2-MAUÁ;57;MAUÁ;1;Group 1;2;983;60;117;60;113;Francis;
G3-MAUÁ;57;MAUÁ;1;Group 1;3;983;60;117;60;113;Francis;
G1-SANTA CLARA - PR;71;SANTA CLARA - PR;1;Group 1;1;806;35;60;49;81;Francis;
G2-SANTA CLARA - PR;71;SANTA CLARA - PR;1;Group 1;2;806;35;60;49;81;Francis;
G1-FUNDÃO;72;FUNDÃO;1;Group 1;1;2475;35;60;49;81;Francis;
G2-FUNDÃO;72;FUNDÃO;1;Group 1;2;2475;35;60;49;81;Francis;
G1-BAIXO IGUAÇU;83;BAIXO IGUAÇU;1;Group 1;1;9356;41;117;340;840;Kaplan;
G2-BAIXO IGUAÇU;83;BAIXO IGUAÇU;1;Group 1;2;9356;41;117;340;840;Kaplan;
G3-BAIXO IGUAÇU;83;BAIXO IGUAÇU;1;Group 1;3;9356;41;117;340;840;Kaplan;
G1-MANSO;278;MANSO;1;Group 1;1;21;31;52.5;60;100;Francis;
G2-MANSO;278;MANSO;1;Group 1;2;21;31;52.5;60;100;Francis;
G3-MANSO;278;MANSO;1;Group 1;3;21;31;52.5;60;100;Francis;
G4-MANSO;278;MANSO;1;Group 1;4;21;31;52.5;60;100;Francis;
G1-ITIQUIRA I;304;ITIQUIRA I;1;Group 1;1;4523;18;30.4;24;40;Francis;
G2-ITIQUIRA I;304;ITIQUIRA I;1;Group 1;2;4523;18;30.4;24;40;Francis;
G1-ITIQUIRA II;305;ITIQUIRA II;1;Group 1;1;4525;28;48.3;24;39;Francis;
G2-ITIQUIRA II;305;ITIQUIRA II;1;Group 1;2;4525;28;48.3;24;39;Francis;
G1-PONTE PEDRA;281;PONTE PEDRA;1;Group 1;1;4520;40;58.7;16;26;Francis;
G2-PONTE PEDRA;281;PONTE PEDRA;1;Group 1;2;4520;40;58.7;16;26;Francis;
G3-PONTE PEDRA;281;PONTE PEDRA;1;Group 1;3;4520;40;58.7;16;26;Francis;
G1-JAURU;195;JAURU;1;Group 1;1;4809;19;40.5;26;42;Francis;
G2-JAURU;195;JAURU;1;Group 1;2;4809;19;40.5;26;42;Francis;
G3-JAURU;195;JAURU;2;Group 2;3;4809;19;40.5;26;43;Francis;
G1-PASSO FUNDO;93;PASSO FUNDO;1;Group 1;1;917;70;113;31;51;Francis;
G2-PASSO FUNDO;93;PASSO FUNDO;1;Group 1;2;917;70;113;31;51;Francis;
G1-MONJOLINHO;94;MONJOLINHO;1;Group 1;1;931;18.92;37.12;41;67;Francis;
G2-MONJOLINHO;94;MONJOLINHO;1;Group 1;2;931;18.92;37.12;41;67;Francis;
G1-GARIBALDI;89;GARIBALDI;1;Group 1;1;9735;32;63;100;167;Francis;
G2-GARIBALDI;89;GARIBALDI;1;Group 1;2;9735;32;63;100;167;Francis;
G3-GARIBALDI;89;GARIBALDI;1;Group 1;3;9735;32;63;100;167;Francis;
G1-QUEBRA-QUEIXO;95;QUEBRA-QUEIXO;1;Group 1;1;2836;25;40.5;23;38;Francis;
G2-QUEBRA-QUEIXO;95;QUEBRA-QUEIXO;2;Group 2;2;2836;15;40.5;23;38;Francis;
G3-QUEBRA-QUEIXO;95;QUEBRA-QUEIXO;2;Group 2;3;2836;15;40.5;23;38;Francis;
G1-SÃO JOSÉ;101;SÃO JOSÉ;1;Group 1;1;9220;8;25.5;58;144;Kaplan;
G2-SÃO JOSÉ;101;SÃO JOSÉ;1;Group 1;2;9220;8;25.5;58;144;Kaplan;
G1-PASSO S. JOÃO;102;PASSO S. JOÃO;1;Group 1;1;9218;10;38.5;57;163;Kaplan;
G2-PASSO S. JOÃO;102;PASSO S. JOÃO;1;Group 1;2;9218;10;38.5;57;163;Kaplan;
G1-FOZ DO CHAPECÓ;103;FOZ DO CHAPECÓ;1;Group 1;1;1070;150;213.75;284;472;Francis;
G2-FOZ DO CHAPECÓ;103;FOZ DO CHAPECÓ;1;Group 1;2;1070;150;213.75;284;472;Francis;
G3-FOZ DO CHAPECÓ;103;FOZ DO CHAPECÓ;1;Group 1;3;1070;150;213.75;284;472;Francis;
G4-FOZ DO CHAPECÓ;103;FOZ DO CHAPECÓ;1;Group 1;4;1070;150;213.75;284;472;Francis;
G1-PASSO REAL;111;PASSO REAL;1;Group 1;1;1175;40;82;97;242;Kaplan;
G2-PASSO REAL;111;PASSO REAL;2;Group 2;2;1175;40;76;90;224;Kaplan;
G1-JACUÍ;112;JACUÍ;1;Group 1;1;1162;18;30;23;39;Francis;
G2-JACUÍ;112;JACUÍ;1;Group 1;2;1162;18;30;23;39;Francis;
G3-JACUÍ;112;JACUÍ;1;Group 1;3;1162;18;30;23;39;Francis;
G4-JACUÍ;112;JACUÍ;1;Group 1;4;1162;18;30;23;39;Francis;
G5-JACUÍ;112;JACUÍ;1;Group 1;5;1162;18;30;23;39;Francis;
G6-JACUÍ;112;JACUÍ;1;Group 1;6;1162;18;30;23;39;Francis;
G1-ITAÚBA;113;ITAÚBA;1;Group 1;1;1155;75;125;93;155;Francis;
G2-ITAÚBA;113;ITAÚBA;1;Group 1;2;1155;75;125;93;155;Francis;
G3-ITAÚBA;113;ITAÚBA;1;Group 1;3;1155;75;125;93;155;Francis;
G4-ITAÚBA;113;ITAÚBA;1;Group 1;4;1155;75;125;93;155;Francis;
G1-DONA FRANCISCA;114;DONA FRANCISCA;1;Group 1;1;1176;32;62.5;113;188;Francis;
G2-DONA FRANCISCA;114;DONA FRANCISCA;1;Group 1;2;1176;32;62.5;113;188;Francis;
G1-CASTRO ALVES;97;CASTRO ALVES;1;Group 1;1;1166;19.44;43.33;22;53;Kaplan;
G2-CASTRO ALVES;97;CASTRO ALVES;1;Group 1;2;1166;19.44;43.33;22;53;Kaplan;
G3-CASTRO ALVES;97;CASTRO ALVES;1;Group 1;3;1166;19.44;43.33;22;53;Kaplan;
G1-MONTE CLARO;98;MONTE CLARO;1;Group 1;1;1159;20;65.35;75;186;Kaplan;
G2-MONTE CLARO;98;MONTE CLARO;1;Group 1;2;1159;20;65.35;75;186;Kaplan;
G1-14 DE JULHO;99;14 DE JULHO;1;Group 1;1;1168;15.54;51.8;70;170;Kaplan;
G2-14 DE JULHO;99;14 DE JULHO;1;Group 1;2;1168;15.54;51.8;70;170;Kaplan;
G1-SALTO PILÃO;215;SALTO PILÃO;1;Group 1;1;2863;36.46;95.94;35;55;Francis;
G2-SALTO PILÃO;215;SALTO PILÃO;1;Group 1;2;2863;36.46;95.94;35;55;Francis;
G1-C. CACHOEIRA;115;CAPIVARI-CACHOEIRA;1;Group 1;1;804;15;68.6;2.5;10;Pelton;
G2-C. CACHOEIRA;115;CAPIVARI-CACHOEIRA;1;Group 1;2;804;15;68.6;2.5;10;Pelton;
G3-C. CACHOEIRA;115;CAPIVARI-CACHOEIRA;1;Group 1;3;804;15;68.6;2.5;10;Pelton;
G4-C. CACHOEIRA;115;CAPIVARI-CACHOEIRA;1;Group 1;4;804;15;68.6;2.5;10;Pelton;
G1-ROSAL;217;ROSAL;1;Group 1;1;2696;20;27.5;10;16;Francis;
G2-ROSAL;217;ROSAL;2;Group 2;2;2696;15;27.5;10;16;Francis;
G1-GUILMAN-AMORIM;192;GUILMAN-AMORIM;1;Group 1;1;306;21.5;35.9;21;34;Francis;
G2-GUILMAN-AMORIM;192;GUILMAN-AMORIM;1;Group 1;2;306;21.5;35.9;21;34;Francis;
G3-GUILMAN-AMORIM;192;GUILMAN-AMORIM;1;Group 1;3;306;21.5;35.9;21;34;Francis;
G4-GUILMAN-AMORIM;192;GUILMAN-AMORIM;1;Group 1;4;306;25.1;35.9;21;34;Francis;
G1-SÁ CARVALHO;193;SÁ CARVALHO;1;Group 1;1;1599;1;15;10;16;Francis;
G2-SÁ CARVALHO;193;SÁ CARVALHO;2;Group 2;2;1599;8;15;10;16;Francis;
G3-SÁ CARVALHO;193;SÁ CARVALHO;3;Group 3;3;1599;9;18;12;19;Francis;
G4-SÁ CARVALHO;193;SÁ CARVALHO;4;Group 4;4;1599;22.5;30;20;32;Francis;
G1-CANDONGA;139;CANDONGA;1;Group 1;1;1559;25;45;43;106;Kaplan;
G2-CANDONGA;139;CANDONGA;1;Group 1;2;1559;25;45;43;106;Kaplan;
G3-CANDONGA;139;CANDONGA;1;Group 1;3;1559;25;45;43;106;Kaplan;
G1-BAGUARI;141;BAGUARI;1;Group 1;1;1496;14;35;88;218;Kaplan;
G2-BAGUARI;141;BAGUARI;1;Group 1;2;1496;14;35;88;218;Kaplan;
G3-BAGUARI;141;BAGUARI;1;Group 1;3;1496;14;35;88;218;Kaplan;
G4-BAGUARI;141;BAGUARI;1;Group 1;4;1496;14;35;88;218;Kaplan;
G1-AIMORÉS;143;AIMORÉS;1;Group 1;1;4042;35;110;173;432;Kaplan;
G2-AIMORÉS;143;AIMORÉS;1;Group 1;2;4042;35;110;173;432;Kaplan;
G3-AIMORÉS;143;AIMORÉS;1;Group 1;3;4042;35;110;173;432;Kaplan;
G1-MASCARENHAS;144;MASCARENHAS;1;Group 1;1;2600;18;45;122;304;Kaplan;
G2-MASCARENHAS;144;MASCARENHAS;1;Group 1;2;2600;18;45;122;304;Kaplan;
G3-MASCARENHAS;144;MASCARENHAS;2;Group 2;3;2600;20;49.5;122;304;Kaplan;
G4-MASCARENHAS;144;MASCARENHAS;2;Group 2;4;2600;20;49.5;122;304;Kaplan;
G1-SALTO GRANDE;134;SALTO GRANDE;1;Group 1;1;1502;19;27;21;35;Francis;
G2-SALTO GRANDE;134;SALTO GRANDE;1;Group 1;2;1502;19;27;21;35;Francis;
G3-SALTO GRANDE;134;SALTO GRANDE;2;Group 2;3;1502;15;24;19;31;Francis;
G4-SALTO GRANDE;134;SALTO GRANDE;2;Group 2;4;1502;15;24;19;31;Francis;
G1-PORTO ESTRELA;135;PORTO ESTRELA;1;Group 1;1;1594;20;56;50;124;Kaplan;
G2-PORTO ESTRELA;135;PORTO ESTRELA;1;Group 1;2;1594;20;56;50;124;Kaplan;
G1-SANTA CLARA - MG;283;SANTA CLARA - MG;1;Group 1;1;1511;10.1;20.6;20;44;Francis;
G2-SANTA CLARA - MG;283;SANTA CLARA - MG;1;Group 1;2;1511;10.1;20.6;20;44;Francis;
G3-SANTA CLARA - MG;283;SANTA CLARA - MG;1;Group 1;3;1511;10.1;20.6;20;44;Francis;
G1-IRAPÉ;148;IRAPÉ;1;Group 1;1;4064;70;133;54;89;Francis;
G2-IRAPÉ;148;IRAPÉ;1;Group 1;2;4064;70;133;54;89;Francis;
G3-IRAPÉ;148;IRAPÉ;1;Group 1;3;4064;70;133;54;89;Francis;
G1-ITAPEBI;154;ITAPEBI;1;Group 1;1;5975;90;154;132;220;Francis;
G2-ITAPEBI;154;ITAPEBI;1;Group 1;2;5975;90;154;132;220;Francis;
G3-ITAPEBI;154;ITAPEBI;1;Group 1;3;5975;90;154;132;220;Francis;
G1-PEDRA DO CAVALO;189;PEDRA DO CAVALO;1;Group 1;1;5888;40;80;54;90;Francis;
G2-PEDRA DO CAVALO;189;PEDRA DO CAVALO;1;Group 1;2;5888;40;80;54;90;Francis;
G1-RETIRO BAIXO;155;RETIRO BAIXO;1;Group 1;1;4068;12.7;42.35;53;131;Kaplan;
G2-RETIRO BAIXO;155;RETIRO BAIXO;1;Group 1;2;4068;12.7;42.35;53;131;Kaplan;
G1-QUEIMADO;162;QUEIMADO;1;Group 1;1;4039;17.3;35;15;24;Francis;
G2-QUEIMADO;162;QUEIMADO;1;Group 1;2;4039;17.3;35;15;24;Francis;
G3-QUEIMADO;162;QUEIMADO;1;Group 1;3;4039;17.3;35;15;24;Francis;
G1-BOA ESPERANÇA;190;BOA ESPERANÇA;1;Group 1;1;5520;47.1;55;87;145;Francis;
G2-BOA ESPERANÇA;190;BOA ESPERANÇA;1;Group 1;2;5520;47.1;55;87;145;Francis;
G3-BOA ESPERANÇA;190;BOA ESPERANÇA;2;Group 2;3;5522;53.1;63.55;100;167;Francis;
G4-BOA ESPERANÇA;190;BOA ESPERANÇA;2;Group 2;4;5522;53.1;63.55;100;167;Francis;
G1-CANA BRAVA;252;CANA BRAVA;1;Group 1;1;3964;120;150;231;385;Francis;
G2-CANA BRAVA;252;CANA BRAVA;1;Group 1;2;3964;120;150;231;385;Francis;
G3-CANA BRAVA;252;CANA BRAVA;1;Group 1;3;3964;120;150;231;385;Francis;
G1-SÃO SALVADOR;253;SÃO SALVADOR;1;Group 1;1;3968;60;121.6;234;585;Kaplan;
G2-SÃO SALVADOR;253;SÃO SALVADOR;1;Group 1;2;3968;60;121.6;234;585;Kaplan;
G1-PEIXE ANGICAL;257;PEIXE ANGICAL;1;Group 1;1;7110;70;166.25;280;691;Kaplan;
G2-PEIXE ANGICAL;257;PEIXE ANGICAL;1;Group 1;2;7110;70;166.25;280;691;Kaplan;
G3-PEIXE ANGICAL;257;PEIXE ANGICAL;1;Group 1;3;7110;70;166.25;280;691;Kaplan;
G1-DARDANELOS;310;DARDANELOS;1;Group 1;1;4890;34.8;58;41;68;Francis;
G2-DARDANELOS;310;DARDANELOS;1;Group 1;2;4890;34.8;58;41;68;Francis;Group changed after network reduction
G3-DARDANELOS;310;DARDANELOS;1;Group 1;3;4891;34.8;58;41;68;Francis;Group changed after network reduction
G4-DARDANELOS;310;DARDANELOS;1;Group 1;4;4891;34.8;58;41;68;Francis;
G5-DARDANELOS;310;DARDANELOS;2;Group 2;5;4891;17.4;29;21;34;Francis;
G1-RONDON II;276;RONDON II;1;Group 1;1;6831;19.7;24.4;28;46;Francis;
G2-RONDON II;276;RONDON II;1;Group 1;2;6831;19.7;24.4;28;46;Francis;
G3-RONDON II;276;RONDON II;1;Group 1;3;6831;19.7;24.4;28;46;Francis;
G1-GUAPORÉ;196;GUAPORÉ;1;Group 1;1;4804;24;40;17;28;Francis;
G2-GUAPORÉ;196;GUAPORÉ;1;Group 1;2;4804;24;40;17;28;Francis;
G3-GUAPORÉ;196;GUAPORÉ;1;Group 1;3;4804;24;40;17;28;Francis;
G1-SAMUEL;279;SAMUEL;1;Group 1;1;6891;22.2;43.2;102;169;Francis;
G2-SAMUEL;279;SAMUEL;1;Group 1;2;6891;22.2;43.2;102;169;Francis;
G3-SAMUEL;279;SAMUEL;1;Group 1;3;6891;22.2;43.2;102;169;Francis;
G4-SAMUEL;279;SAMUEL;1;Group 1;4;6891;22.2;43.2;102;169;Francis;
G5-SAMUEL;279;SAMUEL;1;Group 1;5;6891;22.2;43.2;102;169;Francis;
G1-BALBINA;277;BALBINA;1;Group 1;1;8597;20;50;102;255;Kaplan;
G2-BALBINA;277;BALBINA;1;Group 1;2;8597;20;50;102;255;Kaplan;
G3-BALBINA;277;BALBINA;1;Group 1;3;8597;20;50;102;255;Kaplan;
G4-BALBINA;277;BALBINA;1;Group 1;4;8597;20;50;102;255;Kaplan;
G5-BALBINA;277;BALBINA;1;Group 1;5;8597;20;50;102;255;Kaplan;
G1-SANTO ANTÔNIO JARI;286;SANTO ANTÔNIO JARI;1;Group 1;1;8269;51;129.9;234;585;Kaplan;
G2-SANTO ANTÔNIO JARI;286;SANTO ANTÔNIO JARI;1;Group 1;2;8269;51;129.9;234;585;Kaplan;
G3-SANTO ANTÔNIO JARI;286;SANTO ANTÔNIO JARI;1;Group 1;3;8269;51;129.9;234;585;Kaplan;
G1-SINOP;227;SINOP;1;Group 1;1;4478;61;201;320;800;Kaplan;
G2-SINOP;227;SINOP;1;Group 1;2;4478;61;201;320;800;Kaplan;
G1-COLÍDER;228;COLÍDER;1;Group 1;1;4462;30;100;207;517;Kaplan;
G2-COLÍDER;228;COLÍDER;1;Group 1;2;4462;30;100;207;517;Kaplan;
G3-COLÍDER;228;COLÍDER;1;Group 1;3;4462;30;100;207;517;Kaplan;
G1-SÃO MANOEL;230;SÃO MANOEL;1;Group 1;1;4489;85;175;380;947;Kaplan;
G2-SÃO MANOEL;230;SÃO MANOEL;1;Group 1;2;4489;85;175;380;947;Kaplan;
G3-SÃO MANOEL;230;SÃO MANOEL;1;Group 1;3;4489;85;175;380;947;Kaplan;
G4-SÃO MANOEL;230;SÃO MANOEL;1;Group 1;4;4489;85;175;380;947;Kaplan;
G1-CURUÁ-UNA;272;CURUÁ-UNA;1;Group 1;1;99751;4;10;25;62;Kaplan;
G2-CURUÁ-UNA;272;CURUÁ-UNA;1;Group 1;2;99751;4;10;25;62;Kaplan;
G3-CURUÁ-UNA;272;CURUÁ-UNA;2;Group 2;3;99752;4.12;10.3;26;64;Kaplan;
G1-CACHOEIRA CALDEIRÃO;204;CACHOEIRA CALDEIRÃO;1;Group 1;1;8276;22.65;73;220;547;Bulbo;
G2-CACHOEIRA CALDEIRÃO;204;CACHOEIRA CALDEIRÃO;1;Group 1;2;8276;22.65;73;220;547;Bulbo;
G3-CACHOEIRA CALDEIRÃO;204;CACHOEIRA CALDEIRÃO;1;Group 1;3;8276;22.65;73;220;547;Bulbo;
G1-COARACY NUNES;280;COARACY NUNES;1;Group 1;1;8224;6.38;24;50;123;Kaplan;
G2-COARACY NUNES;280;COARACY NUNES;1;Group 1;2;8224;6.38;24;50;123;Kaplan;
G3-COARACY NUNES;280;COARACY NUNES;2;Group 2;3;8225;6.88;30;62;153;Kaplan;
G1-FERREIRA GOMES;284;FERREIRA GOMES;1;Group 1;1;8279;20;84;230;574;Kaplan;
G2-FERREIRA GOMES;284;FERREIRA GOMES;1;Group 1;2;8279;20;84;230;574;Kaplan;
G3-FERREIRA GOMES;284;FERREIRA GOMES;1;Group 1;3;8279;20;84;230;574;Kaplan;
</Hydro turbines>;;;;;;;;;;;;
</END>;;;;;;;;;;;;
